gene,channel,species,divergence_mya,has_ortholog,ortholog_type,target_gene,target_symbol,identity,source_identity
ANGPT1,Angiogenesis,saccharomyces_cerevisiae,1000,False,none,,,0,0
ANGPT1,Angiogenesis,drosophila_melanogaster,600,False,none,,,0,0
ANGPT1,Angiogenesis,caenorhabditis_elegans,600,False,none,,,0,0
ANGPT1,Angiogenesis,danio_rerio,450,True,ortholog_one2one,ENSDARG00000030364,ENSDARP00000043712,65.3021,67.2691
ANGPT1,Angiogenesis,xenopus_tropicalis,350,True,ortholog_one2one,ENSXETG00000003598,ENSXETP00000007762,81.1508,82.1285
ANGPT1,Angiogenesis,gallus_gallus,300,True,ortholog_one2one,ENSGALG00010011001,ENSGALP00010014999,81.336,83.1325
ANGPT1,Angiogenesis,monodelphis_domestica,180,True,ortholog_one2one,ENSMODG00000005283,ENSMODP00000006514,94.9799,94.9799
ANGPT1,Angiogenesis,mus_musculus,90,True,ortholog_one2one,ENSMUSG00000022309,ENSMUSP00000022921,97.3896,97.3896
ANGPT1,Angiogenesis,canis_lupus_familiaris,85,True,ortholog_one2one,ENSCAFG00845010910,ENSCAFP00845015082,98.1928,98.1928
ANGPT1,Angiogenesis,homo_sapiens,0,True,self,ANGPT1,,100.0,0
ANGPT2,Angiogenesis,saccharomyces_cerevisiae,1000,False,none,,,0,0
ANGPT2,Angiogenesis,drosophila_melanogaster,600,False,none,,,0,0
ANGPT2,Angiogenesis,caenorhabditis_elegans,600,False,none,,,0,0
ANGPT2,Angiogenesis,danio_rerio,450,True,ortholog_one2one,ENSDARG00000014946,ENSDARP00000140347,56.3525,55.5556
ANGPT2,Angiogenesis,xenopus_tropicalis,350,True,ortholog_one2one,ENSXETG00000035935,ENSXETP00000079950,75.9036,76.3636
ANGPT2,Angiogenesis,gallus_gallus,300,True,ortholog_one2one,ENSGALG00010002288,ENSGALP00010003062,84.3813,84.0404
ANGPT2,Angiogenesis,monodelphis_domestica,180,True,ortholog_one2one,ENSMODG00000012086,ENSMODP00000015140,90.9091,90.9091
ANGPT2,Angiogenesis,mus_musculus,90,True,ortholog_one2one,ENSMUSG00000031465,ENSMUSP00000033846,85.2823,85.4545
ANGPT2,Angiogenesis,canis_lupus_familiaris,85,True,ortholog_one2one,ENSCAFG00845022531,ENSCAFP00845031217,92.3232,92.3232
ANGPT2,Angiogenesis,homo_sapiens,0,True,self,ANGPT2,,100.0,0
EPAS1,Angiogenesis,saccharomyces_cerevisiae,1000,False,none,,,0,0
EPAS1,Angiogenesis,drosophila_melanogaster,600,True,ortholog_many2many,FBgn0266411,FBpp0310749,16.5097,30.2299
EPAS1,Angiogenesis,caenorhabditis_elegans,600,True,ortholog_many2many,WBGene00001851,F38A6.3b.1,21.3592,17.7011
EPAS1,Angiogenesis,danio_rerio,450,True,ortholog_one2many,ENSDARG00000057671,ENSDARP00000074832,58.3933,55.977
EPAS1,Angiogenesis,xenopus_tropicalis,350,True,ortholog_one2one,ENSXETG00000026167,ENSXETP00000068242,63.5011,63.7931
EPAS1,Angiogenesis,gallus_gallus,300,True,ortholog_one2one,ENSGALG00010018414,ENSGALP00010026486,72.87,74.7126
EPAS1,Angiogenesis,monodelphis_domestica,180,True,ortholog_one2many,ENSMODG00000045158,ENSMODP00000041510,85.9848,26.092
EPAS1,Angiogenesis,mus_musculus,90,True,ortholog_one2one,ENSMUSG00000024140,ENSMUSP00000024954,87.8719,88.2759
EPAS1,Angiogenesis,canis_lupus_familiaris,85,True,ortholog_one2one,ENSCAFG00845027702,ENSCAFP00845038343,79.0593,81.1494
EPAS1,Angiogenesis,homo_sapiens,0,True,self,EPAS1,,100.0,0
FLT1,Angiogenesis,saccharomyces_cerevisiae,1000,False,none,,,0,0
FLT1,Angiogenesis,drosophila_melanogaster,600,False,none,,,0,0
FLT1,Angiogenesis,caenorhabditis_elegans,600,False,none,,,0,0
FLT1,Angiogenesis,danio_rerio,450,True,ortholog_one2one,ENSDARG00000019371,ENSDARP00000002466,50.7075,48.2063
FLT1,Angiogenesis,xenopus_tropicalis,350,False,none,,,0,0
FLT1,Angiogenesis,gallus_gallus,300,True,ortholog_one2one,ENSGALG00010005282,ENSGALP00010007112,66.7875,68.8341
FLT1,Angiogenesis,monodelphis_domestica,180,True,ortholog_one2one,ENSMODG00000009128,ENSMODP00000011380,82.3266,82.5112
FLT1,Angiogenesis,mus_musculus,90,True,ortholog_one2one,ENSMUSG00000029648,ENSMUSP00000031653,81.9955,81.6891
FLT1,Angiogenesis,canis_lupus_familiaris,85,True,ortholog_one2one,ENSCAFG00845023188,ENSCAFP00845032381,89.9776,89.9103
FLT1,Angiogenesis,homo_sapiens,0,True,self,FLT1,,100.0,0
FLT4,Angiogenesis,saccharomyces_cerevisiae,1000,False,none,,,0,0
FLT4,Angiogenesis,drosophila_melanogaster,600,False,none,,,0,0
FLT4,Angiogenesis,caenorhabditis_elegans,600,False,none,,,0,0
FLT4,Angiogenesis,danio_rerio,450,True,ortholog_one2one,ENSDARG00000104453,ENSDARP00000133227,53.5088,53.7051
FLT4,Angiogenesis,xenopus_tropicalis,350,True,ortholog_one2one,ENSXETG00000008399,ENSXETP00000095940,61.2696,63.0227
FLT4,Angiogenesis,gallus_gallus,300,True,ortholog_one2one,ENSGALG00010016867,ENSGALP00010023668,68.6459,69.5525
FLT4,Angiogenesis,monodelphis_domestica,180,True,ortholog_one2one,ENSMODG00000003918,ENSMODP00000046934,74.5699,73.1475
FLT4,Angiogenesis,mus_musculus,90,True,ortholog_one2one,ENSMUSG00000020357,ENSMUSP00000020617,87.4541,87.4541
FLT4,Angiogenesis,canis_lupus_familiaris,85,True,ortholog_one2one,ENSCAFG00845006015,ENSCAFP00845008620,86.2661,88.4813
FLT4,Angiogenesis,homo_sapiens,0,True,self,FLT4,,100.0,0
HIF1A,Angiogenesis,saccharomyces_cerevisiae,1000,False,none,,,0,0
HIF1A,Angiogenesis,drosophila_melanogaster,600,True,ortholog_many2many,FBgn0262139,FBpp0303179,17.7104,21.9128
HIF1A,Angiogenesis,caenorhabditis_elegans,600,True,ortholog_many2many,WBGene00001851,F38A6.3b.1,23.0236,20.0969
HIF1A,Angiogenesis,danio_rerio,450,True,ortholog_one2one,ENSDARG00000034293,ENSDARP00000004329,61.39,57.7482
HIF1A,Angiogenesis,xenopus_tropicalis,350,True,ortholog_one2one,ENSXETG00000014449,ENSXETP00000031610,70.4774,67.9177
HIF1A,Angiogenesis,gallus_gallus,300,True,ortholog_one2one,ENSGALG00010017810,ENSGALP00010025535,77.2563,77.724
HIF1A,Angiogenesis,monodelphis_domestica,180,True,ortholog_one2one,ENSMODG00000008760,ENSMODP00000010901,83.7349,84.1404
HIF1A,Angiogenesis,mus_musculus,90,True,ortholog_one2one,ENSMUSG00000021109,ENSMUSP00000021530,89.3541,90.4358
HIF1A,Angiogenesis,canis_lupus_familiaris,85,True,ortholog_one2one,ENSCAFG00845023223,ENSCAFP00845032269,95.8688,95.5206
HIF1A,Angiogenesis,homo_sapiens,0,True,self,HIF1A,,100.0,0
KDR,Angiogenesis,saccharomyces_cerevisiae,1000,False,none,,,0,0
KDR,Angiogenesis,drosophila_melanogaster,600,False,none,,,0,0
KDR,Angiogenesis,caenorhabditis_elegans,600,False,none,,,0,0
KDR,Angiogenesis,danio_rerio,450,True,ortholog_one2one,ENSDARG00000017321,ENSDARP00000049203,48.7841,48.8201
KDR,Angiogenesis,xenopus_tropicalis,350,True,ortholog_one2one,ENSXETG00000021061,ENSXETP00000096886,60.8371,60.0295
KDR,Angiogenesis,gallus_gallus,300,True,ortholog_one2one,ENSGALG00010013498,ENSGALP00010019244,72.4777,72.0501
KDR,Angiogenesis,monodelphis_domestica,180,True,ortholog_one2one,ENSMODG00000020673,ENSMODP00000025863,82.1349,81.7109
KDR,Angiogenesis,mus_musculus,90,True,ortholog_one2one,ENSMUSG00000062960,ENSMUSP00000109144,86.6171,85.9145
KDR,Angiogenesis,canis_lupus_familiaris,85,True,ortholog_one2one,ENSCAFG00845012083,ENSCAFP00845016889,93.0627,92.9941
KDR,Angiogenesis,homo_sapiens,0,True,self,KDR,,100.0,0
TEK,Angiogenesis,saccharomyces_cerevisiae,1000,False,none,,,0,0
TEK,Angiogenesis,drosophila_melanogaster,600,False,none,,,0,0
TEK,Angiogenesis,caenorhabditis_elegans,600,False,none,,,0,0
TEK,Angiogenesis,danio_rerio,450,True,ortholog_one2one,ENSDARG00000028663,ENSDARP00000055680,52.509,52.1352
TEK,Angiogenesis,xenopus_tropicalis,350,True,ortholog_one2one,ENSXETG00000009382,ENSXETP00000101559,66.4596,66.637
TEK,Angiogenesis,gallus_gallus,300,True,ortholog_one2one,ENSGALG00010006538,ENSGALP00010009064,73.6702,73.9324
TEK,Angiogenesis,monodelphis_domestica,180,True,ortholog_one2one,ENSMODG00000004269,ENSMODP00000005260,86.21,86.21
TEK,Angiogenesis,mus_musculus,90,True,ortholog_one2one,ENSMUSG00000006386,ENSMUSP00000099862,92.9653,92.8826
TEK,Angiogenesis,canis_lupus_familiaris,85,True,ortholog_one2one,ENSCAFG00845018055,ENSCAFP00845025176,94.3262,94.6619
TEK,Angiogenesis,homo_sapiens,0,True,self,TEK,,100.0,0
VEGFA,Angiogenesis,saccharomyces_cerevisiae,1000,False,none,,,0,0
VEGFA,Angiogenesis,drosophila_melanogaster,600,False,none,,,0,0
VEGFA,Angiogenesis,caenorhabditis_elegans,600,False,none,,,0,0
VEGFA,Angiogenesis,danio_rerio,450,True,ortholog_one2many,ENSDARG00000103542,ENSDARP00000133415,59.0426,28.1013
VEGFA,Angiogenesis,xenopus_tropicalis,350,True,ortholog_one2one,ENSXETG00000016375,ENSXETP00000035746,41.5152,34.6835
VEGFA,Angiogenesis,gallus_gallus,300,True,ortholog_one2one,ENSGALG00010019716,ENSGALP00010028180,31.8108,49.3671
VEGFA,Angiogenesis,monodelphis_domestica,180,True,ortholog_one2one,ENSMODG00000018950,ENSMODP00000023645,59.7753,67.3418
VEGFA,Angiogenesis,mus_musculus,90,True,ortholog_one2one,ENSMUSG00000023951,ENSMUSP00000115883,84.4388,83.7975
VEGFA,Angiogenesis,canis_lupus_familiaris,85,True,ortholog_one2one,ENSCAFG00845010533,ENSCAFP00845014594,60.6947,84.0506
VEGFA,Angiogenesis,homo_sapiens,0,True,self,VEGFA,,100.0,0
VEGFB,Angiogenesis,saccharomyces_cerevisiae,1000,False,none,,,0,0
VEGFB,Angiogenesis,drosophila_melanogaster,600,False,none,,,0,0
VEGFB,Angiogenesis,caenorhabditis_elegans,600,False,none,,,0,0
VEGFB,Angiogenesis,danio_rerio,450,True,ortholog_many2many,ENSDARG00000092480,ENSDARP00000114926,34.0659,14.9758
VEGFB,Angiogenesis,xenopus_tropicalis,350,False,none,,,0,0
VEGFB,Angiogenesis,gallus_gallus,300,False,none,,,0,0
VEGFB,Angiogenesis,monodelphis_domestica,180,True,ortholog_one2one,ENSMODG00000043259,ENSMODP00000060256,16.9014,46.3768
VEGFB,Angiogenesis,mus_musculus,90,True,ortholog_one2one,ENSMUSG00000024962,ENSMUSP00000120860,68.617,62.3188
VEGFB,Angiogenesis,canis_lupus_familiaris,85,True,ortholog_one2one,ENSCAFG00845030726,ENSCAFP00845042888,41.5094,63.7681
VEGFB,Angiogenesis,homo_sapiens,0,True,self,VEGFB,,100.0,0
VEGFC,Angiogenesis,saccharomyces_cerevisiae,1000,False,none,,,0,0
VEGFC,Angiogenesis,drosophila_melanogaster,600,False,none,,,0,0
VEGFC,Angiogenesis,caenorhabditis_elegans,600,False,none,,,0,0
VEGFC,Angiogenesis,danio_rerio,450,True,ortholog_one2one,ENSDARG00000069640,ENSDARP00000092263,58.0808,54.8926
VEGFC,Angiogenesis,xenopus_tropicalis,350,True,ortholog_one2one,ENSXETG00000002447,ENSXETP00000005233,70.7617,68.7351
VEGFC,Angiogenesis,gallus_gallus,300,True,ortholog_one2one,ENSGALG00010003259,ENSGALP00010004571,61.079,75.6563
VEGFC,Angiogenesis,monodelphis_domestica,180,True,ortholog_one2one,ENSMODG00000003799,ENSMODP00000004650,82.6211,69.2124
VEGFC,Angiogenesis,mus_musculus,90,True,ortholog_one2one,ENSMUSG00000031520,ENSMUSP00000033919,86.2651,85.4415
VEGFC,Angiogenesis,canis_lupus_familiaris,85,True,ortholog_one2one,ENSCAFG00845018800,ENSCAFP00845026125,89.9761,89.9761
VEGFC,Angiogenesis,homo_sapiens,0,True,self,VEGFC,,100.0,0
VHL,Angiogenesis,saccharomyces_cerevisiae,1000,False,none,,,0,0
VHL,Angiogenesis,drosophila_melanogaster,600,True,ortholog_one2many,FBgn0041174,FBpp0087216,20.2247,16.9014
VHL,Angiogenesis,caenorhabditis_elegans,600,False,none,,,0,0
VHL,Angiogenesis,danio_rerio,450,True,ortholog_one2many,ENSDARG00000070617,ENSDARP00000094654,45.7143,37.5587
VHL,Angiogenesis,xenopus_tropicalis,350,True,ortholog_one2many,ENSXETG00000001448,ENSXETP00000003053,58.0838,45.5399
VHL,Angiogenesis,gallus_gallus,300,True,ortholog_one2many,ENSGALG00010019006,ENSGALP00010027402,56.7568,49.2958
VHL,Angiogenesis,monodelphis_domestica,180,True,ortholog_many2many,ENSMODG00000028514,ENSMODP00000006739,73.4177,54.4601
VHL,Angiogenesis,mus_musculus,90,True,ortholog_one2one,ENSMUSG00000033933,ENSMUSP00000039418,83.9779,71.3615
VHL,Angiogenesis,canis_lupus_familiaris,85,False,none,,,0,0
VHL,Angiogenesis,homo_sapiens,0,True,self,VHL,,100.0,0
APAF1,Apoptosis,saccharomyces_cerevisiae,1000,False,none,,,0,0
APAF1,Apoptosis,drosophila_melanogaster,600,True,ortholog_one2one,FBgn0263864,FBpp0086122,17.0833,19.7115
APAF1,Apoptosis,caenorhabditis_elegans,600,False,none,,,0,0
APAF1,Apoptosis,danio_rerio,450,True,ortholog_one2one,ENSDARG00000021239,ENSDARP00000008347,55.115,55.6891
APAF1,Apoptosis,xenopus_tropicalis,350,True,ortholog_one2one,ENSXETG00000006695,ENSXETP00000014654,61.5385,61.5385
APAF1,Apoptosis,gallus_gallus,300,True,ortholog_one2one,ENSGALG00010010618,ENSGALP00010014317,68.4169,68.9103
APAF1,Apoptosis,monodelphis_domestica,180,True,ortholog_one2one,ENSMODG00000007679,ENSMODP00000060445,75.1368,77.0032
APAF1,Apoptosis,mus_musculus,90,True,ortholog_one2one,ENSMUSG00000019979,ENSMUSP00000020157,87.3499,87.4199
APAF1,Apoptosis,canis_lupus_familiaris,85,True,ortholog_one2one,ENSCAFG00845027232,ENSCAFP00845037757,90.8,90.9455
APAF1,Apoptosis,homo_sapiens,0,True,self,APAF1,,100.0,0
BAD,Apoptosis,saccharomyces_cerevisiae,1000,False,none,,,0,0
BAD,Apoptosis,drosophila_melanogaster,600,True,ortholog_one2one,FBgn0039752,FBpp0084935,8.50202,25
BAD,Apoptosis,caenorhabditis_elegans,600,False,none,,,0,0
BAD,Apoptosis,danio_rerio,450,False,none,,,0,0
BAD,Apoptosis,xenopus_tropicalis,350,False,none,,,0,0
BAD,Apoptosis,gallus_gallus,300,False,none,,,0,0
BAD,Apoptosis,monodelphis_domestica,180,False,none,,,0,0
BAD,Apoptosis,mus_musculus,90,True,ortholog_one2one,ENSMUSG00000024959,ENSMUSP00000025910,62.2549,75.5952
BAD,Apoptosis,canis_lupus_familiaris,85,True,ortholog_one2one,ENSCAFG00845030649,ENSCAFP00845042735,80.8383,80.3571
BAD,Apoptosis,homo_sapiens,0,True,self,BAD,,100.0,0
BAK1,Apoptosis,saccharomyces_cerevisiae,1000,False,none,,,0,0
BAK1,Apoptosis,drosophila_melanogaster,600,False,none,,,0,0
BAK1,Apoptosis,caenorhabditis_elegans,600,True,ortholog_one2many,WBGene00000423,T07C4.8.1,12.1429,16.1137
BAK1,Apoptosis,danio_rerio,450,False,none,,,0,0
BAK1,Apoptosis,xenopus_tropicalis,350,True,ortholog_one2one,ENSXETG00000038338,ENSXETP00000116026,36.2869,40.7583
BAK1,Apoptosis,gallus_gallus,300,True,ortholog_one2one,ENSGALG00010027612,ENSGALP00010040926,46.7153,60.6635
BAK1,Apoptosis,monodelphis_domestica,180,True,ortholog_one2one,ENSMODG00000014089,ENSMODP00000017616,74.0196,71.564
BAK1,Apoptosis,mus_musculus,90,True,ortholog_one2one,ENSMUSG00000057789,ENSMUSP00000077757,77.512,76.7773
BAK1,Apoptosis,canis_lupus_familiaris,85,True,ortholog_one2one,ENSCAFG00845023547,ENSCAFP00845032598,77.3663,89.0995
BAK1,Apoptosis,homo_sapiens,0,True,self,BAK1,,100.0,0
BAX,Apoptosis,saccharomyces_cerevisiae,1000,False,none,,,0,0
BAX,Apoptosis,drosophila_melanogaster,600,False,none,,,0,0
BAX,Apoptosis,caenorhabditis_elegans,600,True,ortholog_one2many,WBGene00000423,T07C4.8.1,12.1429,17.7083
BAX,Apoptosis,danio_rerio,450,True,ortholog_one2many,ENSDARG00000020623,ENSDARP00000023687,49.4792,49.4792
BAX,Apoptosis,xenopus_tropicalis,350,True,ortholog_one2one,ENSXETG00000023523,ENSXETP00000084349,52.2727,59.8958
BAX,Apoptosis,gallus_gallus,300,False,none,,,0,0
BAX,Apoptosis,monodelphis_domestica,180,True,ortholog_one2one,ENSMODG00000013726,ENSMODP00000048795,54.0541,83.3333
BAX,Apoptosis,mus_musculus,90,True,ortholog_one2one,ENSMUSG00000003873,ENSMUSP00000033093,92.1875,92.1875
BAX,Apoptosis,canis_lupus_familiaris,85,True,ortholog_one2one,ENSCAFG00845000500,ENSCAFP00845000605,97.3958,97.3958
BAX,Apoptosis,homo_sapiens,0,True,self,BAX,,100.0,0
BCL2,Apoptosis,saccharomyces_cerevisiae,1000,False,none,,,0,0
BCL2,Apoptosis,drosophila_melanogaster,600,False,none,,,0,0
BCL2,Apoptosis,caenorhabditis_elegans,600,False,none,,,0,0
BCL2,Apoptosis,danio_rerio,450,True,ortholog_one2many,ENSDARG00000089109,ENSDARP00000124838,47.8469,41.841
BCL2,Apoptosis,xenopus_tropicalis,350,True,ortholog_one2one,ENSXETG00000035771,ENSXETP00000077361,53.2423,65.272
BCL2,Apoptosis,gallus_gallus,300,True,ortholog_one2one,ENSGALG00010011843,ENSGALP00010016205,74.6781,72.8033
BCL2,Apoptosis,monodelphis_domestica,180,True,ortholog_one2one,ENSMODG00000005242,ENSMODP00000006458,85.6383,67.364
BCL2,Apoptosis,mus_musculus,90,True,ortholog_one2one,ENSMUSG00000057329,ENSMUSP00000108371,91.5254,90.3766
BCL2,Apoptosis,canis_lupus_familiaris,85,True,ortholog_one2one,ENSCAFG00845002725,ENSCAFP00845003877,91.9492,90.795
BCL2,Apoptosis,homo_sapiens,0,True,self,BCL2,,100.0,0
BCL2L1,Apoptosis,saccharomyces_cerevisiae,1000,False,none,,,0,0
BCL2L1,Apoptosis,drosophila_melanogaster,600,False,none,,,0,0
BCL2L1,Apoptosis,caenorhabditis_elegans,600,False,none,,,0,0
BCL2L1,Apoptosis,danio_rerio,450,True,ortholog_one2one,ENSDARG00000008434,ENSDARP00000027919,51.2605,52.3605
BCL2L1,Apoptosis,xenopus_tropicalis,350,True,ortholog_one2one,ENSXETG00000043454,ENSXETP00000116155,55.7214,48.0687
BCL2L1,Apoptosis,gallus_gallus,300,True,ortholog_one2one,ENSGALG00010014066,ENSGALP00010019864,74.2358,72.9614
BCL2L1,Apoptosis,monodelphis_domestica,180,True,ortholog_one2one,ENSMODG00000019490,ENSMODP00000024313,88.5463,86.2661
BCL2L1,Apoptosis,mus_musculus,90,True,ortholog_one2one,ENSMUSG00000007659,ENSMUSP00000105445,97.8541,97.8541
BCL2L1,Apoptosis,canis_lupus_familiaris,85,True,ortholog_one2one,ENSCAFG00845018778,ENSCAFP00845025973,100,100
BCL2L1,Apoptosis,homo_sapiens,0,True,self,BCL2L1,,100.0,0
BCL2L11,Apoptosis,saccharomyces_cerevisiae,1000,False,none,,,0,0
BCL2L11,Apoptosis,drosophila_melanogaster,600,False,none,,,0,0
BCL2L11,Apoptosis,caenorhabditis_elegans,600,False,none,,,0,0
BCL2L11,Apoptosis,danio_rerio,450,True,ortholog_one2one,ENSDARG00000079144,ENSDARP00000097551,25,22.2222
BCL2L11,Apoptosis,xenopus_tropicalis,350,True,ortholog_one2one,ENSXETG00000042001,ENSXETP00000107160,55.1546,54.0404
BCL2L11,Apoptosis,gallus_gallus,300,False,none,,,0,0
BCL2L11,Apoptosis,monodelphis_domestica,180,True,ortholog_one2one,ENSMODG00000006716,ENSMODP00000008328,78.5366,81.3131
BCL2L11,Apoptosis,mus_musculus,90,True,ortholog_one2one,ENSMUSG00000027381,ENSMUSP00000105970,87.7551,86.8687
BCL2L11,Apoptosis,canis_lupus_familiaris,85,True,ortholog_one2one,ENSCAFG00845009241,ENSCAFP00845012654,42.5743,65.1515
BCL2L11,Apoptosis,homo_sapiens,0,True,self,BCL2L11,,100.0,0
BID,Apoptosis,saccharomyces_cerevisiae,1000,False,none,,,0,0
BID,Apoptosis,drosophila_melanogaster,600,False,none,,,0,0
BID,Apoptosis,caenorhabditis_elegans,600,False,none,,,0,0
BID,Apoptosis,danio_rerio,450,False,none,,,0,0
BID,Apoptosis,xenopus_tropicalis,350,False,none,,,0,0
BID,Apoptosis,gallus_gallus,300,False,none,,,0,0
BID,Apoptosis,monodelphis_domestica,180,True,ortholog_one2one,ENSMODG00000018457,ENSMODP00000023012,33.7165,45.1282
BID,Apoptosis,mus_musculus,90,True,ortholog_one2one,ENSMUSG00000004446,ENSMUSP00000004560,64.1026,64.1026
BID,Apoptosis,canis_lupus_familiaris,85,True,ortholog_one2many,ENSCAFG00845030659,ENSCAFP00845042749,64.6154,64.6154
BID,Apoptosis,homo_sapiens,0,True,self,BID,,100.0,0
BIRC5,Apoptosis,saccharomyces_cerevisiae,1000,False,none,,,0,0
BIRC5,Apoptosis,drosophila_melanogaster,600,True,ortholog_many2many,FBgn0015247,FBpp0086431,8.63454,30.2817
BIRC5,Apoptosis,caenorhabditis_elegans,600,True,ortholog_many2many,WBGene00000250,C50B8.2.1,11.6883,25.3521
BIRC5,Apoptosis,danio_rerio,450,True,ortholog_one2one,ENSDARG00000075621,ENSDARP00000101794,37.3684,50
BIRC5,Apoptosis,xenopus_tropicalis,350,True,ortholog_one2one,ENSXETG00000009983,ENSXETP00000108477,42.4419,51.4085
BIRC5,Apoptosis,gallus_gallus,300,True,ortholog_one2one,ENSGALG00010018655,ENSGALP00010026959,59.1549,59.1549
BIRC5,Apoptosis,monodelphis_domestica,180,True,ortholog_one2many,ENSMODG00000041409,ENSMODP00000041468,70.8661,63.3803
BIRC5,Apoptosis,mus_musculus,90,True,ortholog_one2one,ENSMUSG00000017716,ENSMUSP00000079124,82.8571,81.6901
BIRC5,Apoptosis,canis_lupus_familiaris,85,False,none,,,0,0
BIRC5,Apoptosis,homo_sapiens,0,True,self,BIRC5,,100.0,0
CASP3,Apoptosis,saccharomyces_cerevisiae,1000,False,none,,,0,0
CASP3,Apoptosis,drosophila_melanogaster,600,True,ortholog_many2many,FBgn0019972,FBpp0084848,31.5634,38.6282
CASP3,Apoptosis,caenorhabditis_elegans,600,True,ortholog_many2many,WBGene00000821,Y47H9C.6a.1,21.5827,10.8303
CASP3,Apoptosis,danio_rerio,450,True,ortholog_one2many,ENSDARG00000017905,ENSDARP00000006831,54.2553,55.2347
CASP3,Apoptosis,xenopus_tropicalis,350,True,ortholog_one2one,ENSXETG00000045371,ENSXETP00000113635,52.7027,56.3177
CASP3,Apoptosis,gallus_gallus,300,True,ortholog_one2one,ENSGALG00010007067,ENSGALP00010009451,63.6042,64.9819
CASP3,Apoptosis,monodelphis_domestica,180,True,ortholog_one2many,ENSMODG00000004473,ENSMODP00000005560,77.8986,77.6173
CASP3,Apoptosis,mus_musculus,90,True,ortholog_one2one,ENSMUSG00000031628,ENSMUSP00000147767,86.6426,86.6426
CASP3,Apoptosis,canis_lupus_familiaris,85,True,ortholog_one2one,ENSCAFG00845015288,ENSCAFP00845021487,81.7881,89.1697
CASP3,Apoptosis,homo_sapiens,0,True,self,CASP3,,100.0,0
CASP8,Apoptosis,saccharomyces_cerevisiae,1000,False,none,,,0,0
CASP8,Apoptosis,drosophila_melanogaster,600,True,ortholog_many2many,FBgn0028381,FBpp0082755,30.1948,19.4154
CASP8,Apoptosis,caenorhabditis_elegans,600,True,ortholog_many2many,WBGene00000821,Y47H9C.6a.1,21.5827,6.26305
CASP8,Apoptosis,danio_rerio,450,False,none,,,0,0
CASP8,Apoptosis,xenopus_tropicalis,350,False,none,,,0,0
CASP8,Apoptosis,gallus_gallus,300,True,ortholog_one2one,ENSGALG00010024903,ENSGALP00010037578,53.3203,56.9937
CASP8,Apoptosis,monodelphis_domestica,180,True,ortholog_one2one,ENSMODG00000015183,ENSMODP00000018969,60.3814,59.499
CASP8,Apoptosis,mus_musculus,90,True,ortholog_one2one,ENSMUSG00000026029,ENSMUSP00000140546,64.2,67.0146
CASP8,Apoptosis,canis_lupus_familiaris,85,True,ortholog_one2one,ENSCAFG00845030024,ENSCAFP00845041772,76.5432,77.6618
CASP8,Apoptosis,homo_sapiens,0,True,self,CASP8,,100.0,0
CASP9,Apoptosis,saccharomyces_cerevisiae,1000,False,none,,,0,0
CASP9,Apoptosis,drosophila_melanogaster,600,True,ortholog_many2many,FBgn0028381,FBpp0082755,26.6234,19.7115
CASP9,Apoptosis,caenorhabditis_elegans,600,True,ortholog_many2many,WBGene00000821,Y47H9C.6a.1,24.4604,8.17308
CASP9,Apoptosis,danio_rerio,450,True,ortholog_one2one,ENSDARG00000004325,ENSDARP00000047019,44.9541,47.1154
CASP9,Apoptosis,xenopus_tropicalis,350,True,ortholog_one2one,ENSXETG00000046355,ENSXETP00000113156,51.0843,50.9615
CASP9,Apoptosis,gallus_gallus,300,True,ortholog_one2one,ENSGALG00010020932,ENSGALP00010029861,44.6316,50.9615
CASP9,Apoptosis,monodelphis_domestica,180,True,ortholog_one2one,ENSMODG00000003612,ENSMODP00000031781,57.0776,60.0962
CASP9,Apoptosis,mus_musculus,90,True,ortholog_one2one,ENSMUSG00000028914,ENSMUSP00000030747,71.8062,78.3654
CASP9,Apoptosis,canis_lupus_familiaris,85,True,ortholog_one2one,ENSCAFG00845000379,ENSCAFP00845000432,56.0396,68.0288
CASP9,Apoptosis,homo_sapiens,0,True,self,CASP9,,100.0,0
CYCS,Apoptosis,saccharomyces_cerevisiae,1000,True,ortholog_one2many,YJR048W,YJR048W,59.633,61.9048
CYCS,Apoptosis,drosophila_melanogaster,600,True,ortholog_one2many,FBgn0086907,FBpp0080445,65.7143,65.7143
CYCS,Apoptosis,caenorhabditis_elegans,600,True,ortholog_one2many,WBGene00017121,E04A4.7.2,52.2523,55.2381
CYCS,Apoptosis,danio_rerio,450,False,none,,,0,0
CYCS,Apoptosis,xenopus_tropicalis,350,False,none,,,0,0
CYCS,Apoptosis,gallus_gallus,300,True,ortholog_one2one,ENSGALG00010002409,ENSGALP00010003375,47.541,55.2381
CYCS,Apoptosis,monodelphis_domestica,180,True,ortholog_one2one,ENSMODG00000013402,ENSMODP00000058499,90.4762,90.4762
CYCS,Apoptosis,mus_musculus,90,True,ortholog_one2many,ENSMUSG00000058927,ENSMUSP00000072829,91.4286,91.4286
CYCS,Apoptosis,canis_lupus_familiaris,85,True,ortholog_one2one,ENSCAFG00845010713,ENSCAFP00845014758,89.5238,89.5238
CYCS,Apoptosis,homo_sapiens,0,True,self,CYCS,,100.0,0
FAS,Apoptosis,saccharomyces_cerevisiae,1000,False,none,,,0,0
FAS,Apoptosis,drosophila_melanogaster,600,True,ortholog_one2many,FBgn0042627,FBpp0307370,43.7344,41.9753
FAS,Apoptosis,caenorhabditis_elegans,600,True,ortholog_one2one,WBGene00009343,F32H2.6.1,29.9465,2.23019
FAS,Apoptosis,danio_rerio,450,False,none,,,0,0
FAS,Apoptosis,xenopus_tropicalis,350,True,ortholog_one2one,ENSXETG00000019666,ENSXETP00000082432,62.9454,63.3214
FAS,Apoptosis,gallus_gallus,300,True,ortholog_one2one,ENSGALG00010029895,ENSGALP00010044779,64.233,65.8702
FAS,Apoptosis,monodelphis_domestica,180,True,ortholog_one2one,ENSMODG00000003423,ENSMODP00000004189,74.801,74.8307
FAS,Apoptosis,mus_musculus,90,True,ortholog_one2one,ENSMUSG00000024778,ENSMUSP00000025691,50.1529,48.9552
FAS,Apoptosis,canis_lupus_familiaris,85,True,ortholog_one2one,ENSCAFG00845029855,ENSCAFP00845041530,50.9317,48.9552
FAS,Apoptosis,homo_sapiens,0,True,self,FAS,,100.0,0
FASLG,Apoptosis,saccharomyces_cerevisiae,1000,False,none,,,0,0
FASLG,Apoptosis,drosophila_melanogaster,600,False,none,,,0,0
FASLG,Apoptosis,caenorhabditis_elegans,600,False,none,,,0,0
FASLG,Apoptosis,danio_rerio,450,True,ortholog_one2one,ENSDARG00000098913,ENSDARP00000136343,27.9851,26.6904
FASLG,Apoptosis,xenopus_tropicalis,350,True,ortholog_one2one,ENSXETG00000041356,ENSXETP00000074158,44.9612,41.2811
FASLG,Apoptosis,gallus_gallus,300,True,ortholog_one2one,ENSGALG00010013583,ENSGALP00010019343,47.1186,49.4662
FASLG,Apoptosis,monodelphis_domestica,180,False,none,,,0,0
FASLG,Apoptosis,mus_musculus,90,True,ortholog_one2one,ENSMUSG00000000817,ENSMUSP00000000834,77.0609,76.5125
FASLG,Apoptosis,canis_lupus_familiaris,85,True,ortholog_one2one,ENSCAFG00845012259,ENSCAFP00845017144,86.3158,87.5445
FASLG,Apoptosis,homo_sapiens,0,True,self,FASLG,,100.0,0
XIAP,Apoptosis,saccharomyces_cerevisiae,1000,False,none,,,0,0
XIAP,Apoptosis,drosophila_melanogaster,600,True,ortholog_many2many,FBgn0015247,FBpp0086431,28.7149,28.7726
XIAP,Apoptosis,caenorhabditis_elegans,600,True,ortholog_many2many,WBGene00000250,C50B8.2.1,25,15.493
XIAP,Apoptosis,danio_rerio,450,True,ortholog_many2many,ENSDARG00000016143,ENSDARP00000018322,42.716,34.8089
XIAP,Apoptosis,xenopus_tropicalis,350,True,ortholog_one2one,ENSXETG00000016194,ENSXETP00000035327,47.0699,50.1006
XIAP,Apoptosis,gallus_gallus,300,True,ortholog_one2one,ENSGALG00010013281,ENSGALP00010018734,56.998,56.5392
XIAP,Apoptosis,monodelphis_domestica,180,True,ortholog_one2one,ENSMODG00000014970,ENSMODP00000018720,78.3133,78.4708
XIAP,Apoptosis,mus_musculus,90,True,ortholog_one2one,ENSMUSG00000025860,ENSMUSP00000026978,89.5161,89.336
XIAP,Apoptosis,canis_lupus_familiaris,85,True,ortholog_one2one,ENSCAFG00845025680,ENSCAFP00845035569,87.2211,86.5191
XIAP,Apoptosis,homo_sapiens,0,True,self,XIAP,,100.0,0
TP63,CellCycle_additional,saccharomyces_cerevisiae,1000,False,none,,,0,0
TP63,CellCycle_additional,drosophila_melanogaster,600,True,ortholog_one2many,FBgn0039044,FBpp0083753,19.1919,13.9706
TP63,CellCycle_additional,caenorhabditis_elegans,600,False,none,,,0,0
TP63,CellCycle_additional,danio_rerio,450,True,ortholog_one2one,ENSDARG00000044356,ENSDARP00000065136,75.5102,65.2941
TP63,CellCycle_additional,xenopus_tropicalis,350,True,ortholog_one2one,ENSXETG00000026303,ENSXETP00000055541,72.5415,83.5294
TP63,CellCycle_additional,gallus_gallus,300,True,ortholog_one2one,ENSGALG00010014867,ENSGALP00010020797,94.7059,94.7059
TP63,CellCycle_additional,monodelphis_domestica,180,True,ortholog_one2one,ENSMODG00000015060,ENSMODP00000018831,94.7059,94.7059
TP63,CellCycle_additional,mus_musculus,90,True,ortholog_one2one,ENSMUSG00000022510,ENSMUSP00000110965,97.9412,97.9412
TP63,CellCycle_additional,canis_lupus_familiaris,85,True,ortholog_one2one,ENSCAFG00845023542,ENSCAFP00845032719,98.0882,98.0882
TP63,CellCycle_additional,homo_sapiens,0,True,self,TP63,,100.0,0
TP73,CellCycle_additional,saccharomyces_cerevisiae,1000,False,none,,,0,0
TP73,CellCycle_additional,drosophila_melanogaster,600,True,ortholog_one2many,FBgn0039044,FBpp0083753,20.6061,16.0377
TP73,CellCycle_additional,caenorhabditis_elegans,600,False,none,,,0,0
TP73,CellCycle_additional,danio_rerio,450,True,ortholog_one2one,ENSDARG00000017953,ENSDARP00000109674,71.875,72.327
TP73,CellCycle_additional,xenopus_tropicalis,350,True,ortholog_one2one,ENSXETG00000005019,ENSXETP00000065588,68.8525,79.2453
TP73,CellCycle_additional,gallus_gallus,300,True,ortholog_one2one,ENSGALG00010021318,ENSGALP00010030813,79.697,82.7044
TP73,CellCycle_additional,monodelphis_domestica,180,True,ortholog_one2one,ENSMODG00000049714,ENSMODP00000045775,66.3333,31.2893
TP73,CellCycle_additional,mus_musculus,90,True,ortholog_one2one,ENSMUSG00000029026,ENSMUSP00000114418,90.5085,83.9623
TP73,CellCycle_additional,canis_lupus_familiaris,85,True,ortholog_one2one,ENSCAFG00845020210,ENSCAFP00845027865,74.8768,23.8994
TP73,CellCycle_additional,homo_sapiens,0,True,self,TP73,,100.0,0
BRIP1,DDR_additional,saccharomyces_cerevisiae,1000,False,none,,,0,0
BRIP1,DDR_additional,drosophila_melanogaster,600,False,none,,,0,0
BRIP1,DDR_additional,caenorhabditis_elegans,600,True,ortholog_one2one,WBGene00001049,F33H2.1.1,27.2635,21.4572
BRIP1,DDR_additional,danio_rerio,450,True,ortholog_one2one,ENSDARG00000074410,ENSDARP00000102913,48.5197,47.2378
BRIP1,DDR_additional,xenopus_tropicalis,350,True,ortholog_one2one,ENSXETG00000010720,ENSXETP00000064759,51.7494,50.9207
BRIP1,DDR_additional,gallus_gallus,300,True,ortholog_one2one,ENSGALG00010029319,ENSGALP00010043598,55.1394,55.4043
BRIP1,DDR_additional,monodelphis_domestica,180,True,ortholog_one2one,ENSMODG00000014258,ENSMODP00000017819,61.5889,67.6541
BRIP1,DDR_additional,mus_musculus,90,True,ortholog_one2one,ENSMUSG00000034329,ENSMUSP00000043108,74.3612,69.8959
BRIP1,DDR_additional,canis_lupus_familiaris,85,True,ortholog_one2one,ENSCAFG00845027066,ENSCAFP00845037460,83.6685,83.2666
BRIP1,DDR_additional,homo_sapiens,0,True,self,BRIP1,,100.0,0
ERCC4,DDR_additional,saccharomyces_cerevisiae,1000,True,ortholog_one2one,YPL022W,YPL022W,27,32.4236
ERCC4,DDR_additional,drosophila_melanogaster,600,True,ortholog_one2one,FBgn0002707,FBpp0070624,38.8137,40.7205
ERCC4,DDR_additional,caenorhabditis_elegans,600,True,ortholog_one2one,WBGene00008140,C47D12.8.1,28.5562,29.1485
ERCC4,DDR_additional,danio_rerio,450,True,ortholog_one2one,ENSDARG00000014161,ENSDARP00000018811,63.8826,61.7904
ERCC4,DDR_additional,xenopus_tropicalis,350,True,ortholog_one2one,ENSXETG00000010991,ENSXETP00000093781,73.4914,74.4541
ERCC4,DDR_additional,gallus_gallus,300,True,ortholog_one2one,ENSGALG00010020422,ENSGALP00010029190,77.6301,76.5284
ERCC4,DDR_additional,monodelphis_domestica,180,True,ortholog_one2one,ENSMODG00000004840,ENSMODP00000005962,85.8417,84.0611
ERCC4,DDR_additional,mus_musculus,90,True,ortholog_one2one,ENSMUSG00000022545,ENSMUSP00000023206,85.9324,86.0262
ERCC4,DDR_additional,canis_lupus_familiaris,85,True,ortholog_one2one,ENSCAFG00845011507,ENSCAFP00845015998,91.9214,91.9214
ERCC4,DDR_additional,homo_sapiens,0,True,self,ERCC4,,100.0,0
FANCB,DDR_additional,saccharomyces_cerevisiae,1000,False,none,,,0,0
FANCB,DDR_additional,drosophila_melanogaster,600,False,none,,,0,0
FANCB,DDR_additional,caenorhabditis_elegans,600,False,none,,,0,0
FANCB,DDR_additional,danio_rerio,450,True,ortholog_one2one,ENSDARG00000067596,ENSDARP00000088088,21.9849,20.3725
FANCB,DDR_additional,xenopus_tropicalis,350,True,ortholog_one2many,ENSXETG00000033137,ENSXETP00000059404,33.7572,33.993
FANCB,DDR_additional,gallus_gallus,300,True,ortholog_one2one,ENSGALG00010001632,ENSGALP00010002100,42.6759,43.0733
FANCB,DDR_additional,monodelphis_domestica,180,True,ortholog_one2one,ENSMODG00000017276,ENSMODP00000021557,54.7674,54.8312
FANCB,DDR_additional,mus_musculus,90,True,ortholog_one2one,ENSMUSG00000047757,ENSMUSP00000128141,49.4725,49.1269
FANCB,DDR_additional,canis_lupus_familiaris,85,True,ortholog_one2one,ENSCAFG00845029118,ENSCAFP00845040439,73.0588,72.2934
FANCB,DDR_additional,homo_sapiens,0,True,self,FANCB,,100.0,0
FANCE,DDR_additional,saccharomyces_cerevisiae,1000,False,none,,,0,0
FANCE,DDR_additional,drosophila_melanogaster,600,False,none,,,0,0
FANCE,DDR_additional,caenorhabditis_elegans,600,False,none,,,0,0
FANCE,DDR_additional,danio_rerio,450,True,ortholog_one2one,ENSDARG00000068870,ENSDARP00000090524,31.4741,29.4776
FANCE,DDR_additional,xenopus_tropicalis,350,True,ortholog_one2one,ENSXETG00000039261,ENSXETP00000085524,30.9771,27.7985
FANCE,DDR_additional,gallus_gallus,300,True,ortholog_one2one,ENSGALG00010027520,ENSGALP00010040811,36.7647,37.3134
FANCE,DDR_additional,monodelphis_domestica,180,True,ortholog_one2one,ENSMODG00000013771,ENSMODP00000060412,50.0882,52.9851
FANCE,DDR_additional,mus_musculus,90,True,ortholog_one2one,ENSMUSG00000007570,ENSMUSP00000110451,65.019,63.806
FANCE,DDR_additional,canis_lupus_familiaris,85,True,ortholog_one2one,ENSCAFG00845006312,ENSCAFP00845008724,66.242,77.6119
FANCE,DDR_additional,homo_sapiens,0,True,self,FANCE,,100.0,0
FANCF,DDR_additional,saccharomyces_cerevisiae,1000,False,none,,,0,0
FANCF,DDR_additional,drosophila_melanogaster,600,False,none,,,0,0
FANCF,DDR_additional,caenorhabditis_elegans,600,False,none,,,0,0
FANCF,DDR_additional,danio_rerio,450,True,ortholog_one2one,ENSDARG00000019250,ENSDARP00000003084,28.2282,25.1337
FANCF,DDR_additional,xenopus_tropicalis,350,True,ortholog_one2one,ENSXETG00000009606,ENSXETP00000104026,26.3006,24.3316
FANCF,DDR_additional,gallus_gallus,300,True,ortholog_one2one,ENSGALG00010023778,ENSGALP00010035159,34.5269,36.0963
FANCF,DDR_additional,monodelphis_domestica,180,True,ortholog_one2one,ENSMODG00000024521,ENSMODP00000034449,40,40.6417
FANCF,DDR_additional,mus_musculus,90,True,ortholog_one2one,ENSMUSG00000092118,ENSMUSP00000125812,50.4373,46.2567
FANCF,DDR_additional,canis_lupus_familiaris,85,True,ortholog_one2one,ENSCAFG00845023242,ENSCAFP00845032126,35.8333,45.9893
FANCF,DDR_additional,homo_sapiens,0,True,self,FANCF,,100.0,0
FANCG,DDR_additional,saccharomyces_cerevisiae,1000,False,none,,,0,0
FANCG,DDR_additional,drosophila_melanogaster,600,False,none,,,0,0
FANCG,DDR_additional,caenorhabditis_elegans,600,False,none,,,0,0
FANCG,DDR_additional,danio_rerio,450,True,ortholog_one2one,ENSDARG00000024967,ENSDARP00000038408,27.5527,27.3312
FANCG,DDR_additional,xenopus_tropicalis,350,True,ortholog_one2one,ENSXETG00000014153,ENSXETP00000030897,25.8025,33.6013
FANCG,DDR_additional,gallus_gallus,300,True,ortholog_one2one,ENSGALG00010011464,ENSGALP00010015687,34.5622,36.1736
FANCG,DDR_additional,monodelphis_domestica,180,True,ortholog_one2one,ENSMODG00000007759,ENSMODP00000009639,50,53.537
FANCG,DDR_additional,mus_musculus,90,True,ortholog_one2one,ENSMUSG00000028453,ENSMUSP00000030165,72.0706,72.1865
FANCG,DDR_additional,canis_lupus_familiaris,85,True,ortholog_one2one,ENSCAFG00845005691,ENSCAFP00845007869,62.1588,80.5466
FANCG,DDR_additional,homo_sapiens,0,True,self,FANCG,,100.0,0
FANCI,DDR_additional,saccharomyces_cerevisiae,1000,False,none,,,0,0
FANCI,DDR_additional,drosophila_melanogaster,600,True,ortholog_one2one,FBgn0033354,FBpp0087756,19.7839,22.0633
FANCI,DDR_additional,caenorhabditis_elegans,600,True,ortholog_one2one,WBGene00020935,W02D3.10.1,16.7015,18.0723
FANCI,DDR_additional,danio_rerio,450,True,ortholog_one2one,ENSDARG00000026224,ENSDARP00000116242,60.211,60.1657
FANCI,DDR_additional,xenopus_tropicalis,350,True,ortholog_one2one,ENSXETG00000017742,ENSXETP00000087295,66.2623,65.8133
FANCI,DDR_additional,gallus_gallus,300,True,ortholog_one2one,ENSGALG00010016181,ENSGALP00010022478,66.1435,66.6416
FANCI,DDR_additional,monodelphis_domestica,180,True,ortholog_one2one,ENSMODG00000019568,ENSMODP00000024414,78.979,79.2169
FANCI,DDR_additional,mus_musculus,90,True,ortholog_one2one,ENSMUSG00000039187,ENSMUSP00000044931,80.4511,80.5723
FANCI,DDR_additional,canis_lupus_familiaris,85,True,ortholog_one2one,ENSCAFG00845003918,ENSCAFP00845005668,88.6536,88.253
FANCI,DDR_additional,homo_sapiens,0,True,self,FANCI,,100.0,0
FANCL,DDR_additional,saccharomyces_cerevisiae,1000,False,none,,,0,0
FANCL,DDR_additional,drosophila_melanogaster,600,True,ortholog_one2one,FBgn0037781,FBpp0081681,24.147,24.5333
FANCL,DDR_additional,caenorhabditis_elegans,600,False,none,,,0,0
FANCL,DDR_additional,danio_rerio,450,True,ortholog_one2one,ENSDARG00000007885,ENSDARP00000003498,58.4906,57.8667
FANCL,DDR_additional,xenopus_tropicalis,350,True,ortholog_one2one,ENSXETG00000020481,ENSXETP00000087933,62.8866,65.0667
FANCL,DDR_additional,gallus_gallus,300,True,ortholog_one2one,ENSGALG00010017104,ENSGALP00010024170,58.2339,65.0667
FANCL,DDR_additional,monodelphis_domestica,180,True,ortholog_one2one,ENSMODG00000002105,ENSMODP00000002560,82.9333,82.9333
FANCL,DDR_additional,mus_musculus,90,True,ortholog_one2one,ENSMUSG00000004018,ENSMUSP00000004120,79.2,79.2
FANCL,DDR_additional,canis_lupus_familiaris,85,True,ortholog_one2one,ENSCAFG00845012667,ENSCAFP00845017781,69.392,88.2667
FANCL,DDR_additional,homo_sapiens,0,True,self,FANCL,,100.0,0
FANCM,DDR_additional,saccharomyces_cerevisiae,1000,True,ortholog_one2one,YIR002C,YIR002C,28.3988,13.7695
FANCM,DDR_additional,drosophila_melanogaster,600,True,ortholog_one2one,FBgn0038889,FBpp0306724,25.5205,18.5547
FANCM,DDR_additional,caenorhabditis_elegans,600,False,none,,,0,0
FANCM,DDR_additional,danio_rerio,450,True,ortholog_one2one,ENSDARG00000112136,ENSDARP00000153311,64.6465,9.375
FANCM,DDR_additional,xenopus_tropicalis,350,True,ortholog_one2one,ENSXETG00000030986,ENSXETP00000085722,40.5478,44.0918
FANCM,DDR_additional,gallus_gallus,300,True,ortholog_one2one,ENSGALG00010018216,ENSGALP00010026171,43.4527,43.2617
FANCM,DDR_additional,monodelphis_domestica,180,False,none,,,0,0
FANCM,DDR_additional,mus_musculus,90,True,ortholog_one2one,ENSMUSG00000055884,ENSMUSP00000054797,65.4132,64.5508
FANCM,DDR_additional,canis_lupus_familiaris,85,True,ortholog_one2one,ENSCAFG00845001871,ENSCAFP00845002606,79.4333,79.3945
FANCM,DDR_additional,homo_sapiens,0,True,self,FANCM,,100.0,0
PARP1,DDR_additional,saccharomyces_cerevisiae,1000,False,none,,,0,0
PARP1,DDR_additional,drosophila_melanogaster,600,True,ortholog_one2one,FBgn0010247,FBpp0112608,43.0583,42.2091
PARP1,DDR_additional,caenorhabditis_elegans,600,True,ortholog_one2one,WBGene00004049,Y71F9AL.18a.2,35.0265,32.643
PARP1,DDR_additional,danio_rerio,450,True,ortholog_one2one,ENSDARG00000019529,ENSDARP00000008364,71.4709,71.4004
PARP1,DDR_additional,xenopus_tropicalis,350,True,ortholog_one2one,ENSXETG00000022610,ENSXETP00000081175,74.926,74.8521
PARP1,DDR_additional,gallus_gallus,300,True,ortholog_one2one,ENSGALG00010017496,ENSGALP00010024778,75.4554,77.6134
PARP1,DDR_additional,monodelphis_domestica,180,True,ortholog_one2one,ENSMODG00000006076,ENSMODP00000007535,84.7976,84.714
PARP1,DDR_additional,mus_musculus,90,True,ortholog_one2one,ENSMUSG00000026496,ENSMUSP00000027777,92.5049,92.5049
PARP1,DDR_additional,canis_lupus_familiaris,85,True,ortholog_one2one,ENSCAFG00845008325,ENSCAFP00845011348,94.3787,94.3787
PARP1,DDR_additional,homo_sapiens,0,True,self,PARP1,,100.0,0
PARP2,DDR_additional,saccharomyces_cerevisiae,1000,False,none,,,0,0
PARP2,DDR_additional,drosophila_melanogaster,600,False,none,,,0,0
PARP2,DDR_additional,caenorhabditis_elegans,600,True,ortholog_one2one,WBGene00004050,E02H1.4.1,27.1375,25.614
PARP2,DDR_additional,danio_rerio,450,True,ortholog_one2one,ENSDARG00000079202,ENSDARP00000118376,52.8505,60.1754
PARP2,DDR_additional,xenopus_tropicalis,350,True,ortholog_one2one,ENSXETG00000001748,ENSXETP00000088425,45.2196,61.4035
PARP2,DDR_additional,gallus_gallus,300,False,none,,,0,0
PARP2,DDR_additional,monodelphis_domestica,180,True,ortholog_one2one,ENSMODG00000007171,ENSMODP00000008892,57.8523,75.614
PARP2,DDR_additional,mus_musculus,90,True,ortholog_one2one,ENSMUSG00000036023,ENSMUSP00000048877,86.941,85.2632
PARP2,DDR_additional,canis_lupus_familiaris,85,True,ortholog_one2one,ENSCAFG00845021742,ENSCAFP00845030058,86.5517,88.0702
PARP2,DDR_additional,homo_sapiens,0,True,self,PARP2,,100.0,0
RAD51,DDR_additional,saccharomyces_cerevisiae,1000,True,ortholog_one2one,YER095W,YER095W,56.75,66.9617
RAD51,DDR_additional,drosophila_melanogaster,600,True,ortholog_one2one,FBgn0003479,FBpp0084955,66.369,65.7817
RAD51,DDR_additional,caenorhabditis_elegans,600,True,ortholog_one2one,WBGene00004297,Y43C5A.6a.1,50.3797,58.7021
RAD51,DDR_additional,danio_rerio,450,True,ortholog_one2one,ENSDARG00000041411,ENSDARP00000060705,89.7059,89.9705
RAD51,DDR_additional,xenopus_tropicalis,350,True,ortholog_one2one,ENSXETG00000015951,ENSXETP00000089326,91.8079,95.8702
RAD51,DDR_additional,gallus_gallus,300,True,ortholog_one2one,ENSGALG00010023147,ENSGALP00010034160,95.5752,95.5752
RAD51,DDR_additional,monodelphis_domestica,180,True,ortholog_one2one,ENSMODG00000000268,ENSMODP00000000325,96.4602,96.4602
RAD51,DDR_additional,mus_musculus,90,True,ortholog_one2one,ENSMUSG00000027323,ENSMUSP00000028795,98.8201,98.8201
RAD51,DDR_additional,canis_lupus_familiaris,85,True,ortholog_one2one,ENSCAFG00845028730,ENSCAFP00845039817,99.115,99.115
RAD51,DDR_additional,homo_sapiens,0,True,self,RAD51,,100.0,0
SLX4,DDR_additional,saccharomyces_cerevisiae,1000,False,none,,,0,0
SLX4,DDR_additional,drosophila_melanogaster,600,False,none,,,0,0
SLX4,DDR_additional,caenorhabditis_elegans,600,True,ortholog_one2one,WBGene00011415,T04A8.15.1,20.4735,8.01527
SLX4,DDR_additional,danio_rerio,450,True,ortholog_one2many,ENSDARG00000092927,ENSDARP00000119409,42.0118,3.87132
SLX4,DDR_additional,xenopus_tropicalis,350,True,ortholog_one2one,ENSXETG00000010319,ENSXETP00000022713,31.5044,29.1167
SLX4,DDR_additional,gallus_gallus,300,True,ortholog_one2one,ENSGALG00010016341,ENSGALP00010022679,34.023,32.2792
SLX4,DDR_additional,monodelphis_domestica,180,True,ortholog_one2one,ENSMODG00000016412,ENSMODP00000020500,43.8825,44.0022
SLX4,DDR_additional,mus_musculus,90,True,ortholog_one2one,ENSMUSG00000039738,ENSMUSP00000038871,60.3834,51.5267
SLX4,DDR_additional,canis_lupus_familiaris,85,True,ortholog_one2one,ENSCAFG00845002090,ENSCAFP00845002881,64.1662,60.6325
SLX4,DDR_additional,homo_sapiens,0,True,self,SLX4,,100.0,0
XRCC2,DDR_additional,saccharomyces_cerevisiae,1000,False,none,,,0,0
XRCC2,DDR_additional,drosophila_melanogaster,600,False,none,,,0,0
XRCC2,DDR_additional,caenorhabditis_elegans,600,False,none,,,0,0
XRCC2,DDR_additional,danio_rerio,450,True,ortholog_one2one,ENSDARG00000013933,ENSDARP00000019152,44.9045,50.3571
XRCC2,DDR_additional,xenopus_tropicalis,350,True,ortholog_one2one,ENSXETG00000045924,ENSXETP00000119245,61.7544,62.8571
XRCC2,DDR_additional,gallus_gallus,300,True,ortholog_one2one,ENSGALG00010027158,ENSGALP00010040111,68.8172,68.5714
XRCC2,DDR_additional,monodelphis_domestica,180,True,ortholog_one2one,ENSMODG00000045998,ENSMODP00000046264,78.5714,78.5714
XRCC2,DDR_additional,mus_musculus,90,True,ortholog_one2one,ENSMUSG00000028933,ENSMUSP00000030773,78.4173,77.8571
XRCC2,DDR_additional,canis_lupus_familiaris,85,True,ortholog_one2one,ENSCAFG00845011729,ENSCAFP00845016325,83.1541,82.8571
XRCC2,DDR_additional,homo_sapiens,0,True,self,XRCC2,,100.0,0
XRCC3,DDR_additional,saccharomyces_cerevisiae,1000,True,ortholog_one2one,YDR004W,YDR004W,19.1304,25.4335
XRCC3,DDR_additional,drosophila_melanogaster,600,True,ortholog_one2one,FBgn0003480,FBpp0082392,31.3783,30.9249
XRCC3,DDR_additional,caenorhabditis_elegans,600,False,none,,,0,0
XRCC3,DDR_additional,danio_rerio,450,True,ortholog_one2one,ENSDARG00000017928,ENSDARP00000004619,51.7045,52.6012
XRCC3,DDR_additional,xenopus_tropicalis,350,True,ortholog_one2one,ENSXETG00000023061,ENSXETP00000112921,56.0345,56.3584
XRCC3,DDR_additional,gallus_gallus,300,True,ortholog_one2one,ENSGALG00010016004,ENSGALP00010022306,54.712,60.4046
XRCC3,DDR_additional,monodelphis_domestica,180,True,ortholog_one2one,ENSMODG00000013528,ENSMODP00000016923,62.7168,62.7168
XRCC3,DDR_additional,mus_musculus,90,True,ortholog_one2one,ENSMUSG00000021287,ENSMUSP00000021715,72.7794,73.4104
XRCC3,DDR_additional,canis_lupus_familiaris,85,True,ortholog_one2one,ENSCAFG00845019939,ENSCAFP00845027488,75.3582,76.0116
XRCC3,DDR_additional,homo_sapiens,0,True,self,XRCC3,,100.0,0
ITGB1,InvasionMetastasis,saccharomyces_cerevisiae,1000,False,none,,,0,0
ITGB1,InvasionMetastasis,drosophila_melanogaster,600,True,ortholog_one2many,FBgn0004657,FBpp0309123,40.8983,43.3584
ITGB1,InvasionMetastasis,caenorhabditis_elegans,600,True,ortholog_one2many,WBGene00003930,ZK1058.2.1,40.0494,40.6015
ITGB1,InvasionMetastasis,danio_rerio,450,True,ortholog_one2many,ENSDARG00000071863,ENSDARP00000039699,78.0702,78.0702
ITGB1,InvasionMetastasis,xenopus_tropicalis,350,True,ortholog_one2one,ENSXETG00000026716,ENSXETP00000076594,80.198,81.203
ITGB1,InvasionMetastasis,gallus_gallus,300,True,ortholog_one2one,ENSGALG00010005632,ENSGALP00010008009,82.4176,84.5865
ITGB1,InvasionMetastasis,monodelphis_domestica,180,True,ortholog_one2one,ENSMODG00000007536,ENSMODP00000040537,89.9002,90.3509
ITGB1,InvasionMetastasis,mus_musculus,90,True,ortholog_one2one,ENSMUSG00000025809,ENSMUSP00000087457,92.4812,92.4812
ITGB1,InvasionMetastasis,canis_lupus_familiaris,85,True,ortholog_one2one,ENSCAFG00845002947,ENSCAFP00845004324,93.633,93.985
ITGB1,InvasionMetastasis,homo_sapiens,0,True,self,ITGB1,,100.0,0
MMP14,InvasionMetastasis,saccharomyces_cerevisiae,1000,False,none,,,0,0
MMP14,InvasionMetastasis,drosophila_melanogaster,600,False,none,,,0,0
MMP14,InvasionMetastasis,caenorhabditis_elegans,600,True,ortholog_many2many,WBGene00194737,Y50D7A.13a.1,34.5361,11.512
MMP14,InvasionMetastasis,danio_rerio,450,True,ortholog_one2many,ENSDARG00000002235,ENSDARP00000019511,67.2474,66.323
MMP14,InvasionMetastasis,xenopus_tropicalis,350,True,ortholog_one2one,ENSXETG00000022669,ENSXETP00000048923,78.6355,75.2577
MMP14,InvasionMetastasis,gallus_gallus,300,True,ortholog_one2one,ENSGALG00010003937,ENSGALP00010005396,31.6344,30.9278
MMP14,InvasionMetastasis,monodelphis_domestica,180,True,ortholog_one2one,ENSMODG00000005279,ENSMODP00000006509,87.7375,87.2852
MMP14,InvasionMetastasis,mus_musculus,90,True,ortholog_one2one,ENSMUSG00000000957,ENSMUSP00000087119,96.5636,96.5636
MMP14,InvasionMetastasis,canis_lupus_familiaris,85,True,ortholog_one2one,ENSCAFG00845002121,ENSCAFP00845002944,97.079,97.079
MMP14,InvasionMetastasis,homo_sapiens,0,True,self,MMP14,,100.0,0
MMP2,InvasionMetastasis,saccharomyces_cerevisiae,1000,False,none,,,0,0
MMP2,InvasionMetastasis,drosophila_melanogaster,600,False,none,,,0,0
MMP2,InvasionMetastasis,caenorhabditis_elegans,600,True,ortholog_many2many,WBGene00194737,Y50D7A.13a.1,37.1134,10.9091
MMP2,InvasionMetastasis,danio_rerio,450,True,ortholog_one2one,ENSDARG00000017676,ENSDARP00000006091,71.6895,71.3636
MMP2,InvasionMetastasis,xenopus_tropicalis,350,True,ortholog_one2one,ENSXETG00000002801,ENSXETP00000098772,79.542,78.9394
MMP2,InvasionMetastasis,gallus_gallus,300,True,ortholog_one2one,ENSGALG00010025414,ENSGALP00010038340,82.0513,82.4242
MMP2,InvasionMetastasis,monodelphis_domestica,180,True,ortholog_one2one,ENSMODG00000013214,ENSMODP00000016535,81.9767,85.4545
MMP2,InvasionMetastasis,mus_musculus,90,True,ortholog_one2one,ENSMUSG00000031740,ENSMUSP00000034187,95.6193,95.9091
MMP2,InvasionMetastasis,canis_lupus_familiaris,85,True,ortholog_one2one,ENSCAFG00845000865,ENSCAFP00845001159,95.6127,95.7576
MMP2,InvasionMetastasis,homo_sapiens,0,True,self,MMP2,,100.0,0
MMP9,InvasionMetastasis,saccharomyces_cerevisiae,1000,False,none,,,0,0
MMP9,InvasionMetastasis,drosophila_melanogaster,600,False,none,,,0,0
MMP9,InvasionMetastasis,caenorhabditis_elegans,600,True,ortholog_many2many,WBGene00194737,Y50D7A.13a.1,34.5361,9.47666
MMP9,InvasionMetastasis,danio_rerio,450,True,ortholog_one2one,ENSDARG00000042816,ENSDARP00000062844,59.5588,57.2843
MMP9,InvasionMetastasis,xenopus_tropicalis,350,True,ortholog_one2one,ENSXETG00000008703,ENSXETP00000058470,58.1871,56.2942
MMP9,InvasionMetastasis,gallus_gallus,300,True,ortholog_one2one,ENSGALG00010015061,ENSGALP00010021072,60.4651,58.8402
MMP9,InvasionMetastasis,monodelphis_domestica,180,True,ortholog_one2one,ENSMODG00000013741,ENSMODP00000017178,68.2652,68.4583
MMP9,InvasionMetastasis,mus_musculus,90,True,ortholog_one2one,ENSMUSG00000017737,ENSMUSP00000017881,72.0548,74.3989
MMP9,InvasionMetastasis,canis_lupus_familiaris,85,True,ortholog_one2one,ENSCAFG00845017615,ENSCAFP00845024511,81.108,80.7638
MMP9,InvasionMetastasis,homo_sapiens,0,True,self,MMP9,,100.0,0
SNAI1,InvasionMetastasis,saccharomyces_cerevisiae,1000,False,none,,,0,0
SNAI1,InvasionMetastasis,drosophila_melanogaster,600,False,none,,,0,0
SNAI1,InvasionMetastasis,caenorhabditis_elegans,600,True,ortholog_one2one,WBGene00019299,K02D7.2.1,41.9689,30.6818
SNAI1,InvasionMetastasis,danio_rerio,450,True,ortholog_one2many,ENSDARG00000046019,ENSDARP00000067651,52.3438,50.7576
SNAI1,InvasionMetastasis,xenopus_tropicalis,350,True,ortholog_one2one,ENSXETG00000027366,ENSXETP00000026599,37.2881,58.3333
SNAI1,InvasionMetastasis,gallus_gallus,300,True,ortholog_one2one,ENSGALG00010015071,ENSGALP00010021085,59.375,57.5758
SNAI1,InvasionMetastasis,monodelphis_domestica,180,True,ortholog_one2one,ENSMODG00000045163,ENSMODP00000052196,57.9151,56.8182
SNAI1,InvasionMetastasis,mus_musculus,90,True,ortholog_one2one,ENSMUSG00000042821,ENSMUSP00000050581,87.5,87.5
SNAI1,InvasionMetastasis,canis_lupus_familiaris,85,True,ortholog_one2one,ENSCAFG00845025916,ENSCAFP00845035882,87.1212,87.1212
SNAI1,InvasionMetastasis,homo_sapiens,0,True,self,SNAI1,,100.0,0
SNAI2,InvasionMetastasis,saccharomyces_cerevisiae,1000,False,none,,,0,0
SNAI2,InvasionMetastasis,drosophila_melanogaster,600,True,ortholog_one2many,FBgn0001983,FBpp0080299,24.0876,49.2537
SNAI2,InvasionMetastasis,caenorhabditis_elegans,600,False,none,,,0,0
SNAI2,InvasionMetastasis,danio_rerio,450,False,none,,,0,0
SNAI2,InvasionMetastasis,xenopus_tropicalis,350,True,ortholog_one2one,ENSXETG00000024006,ENSXETP00000051787,89.4737,88.806
SNAI2,InvasionMetastasis,gallus_gallus,300,False,none,,,0,0
SNAI2,InvasionMetastasis,monodelphis_domestica,180,True,ortholog_one2one,ENSMODG00000010173,ENSMODP00000012734,94.7761,94.7761
SNAI2,InvasionMetastasis,mus_musculus,90,True,ortholog_one2one,ENSMUSG00000022676,ENSMUSP00000023356,95.1673,95.5224
SNAI2,InvasionMetastasis,canis_lupus_familiaris,85,True,ortholog_one2one,ENSCAFG00845028533,ENSCAFP00845039473,97.7612,97.7612
SNAI2,InvasionMetastasis,homo_sapiens,0,True,self,SNAI2,,100.0,0
TWIST1,InvasionMetastasis,saccharomyces_cerevisiae,1000,False,none,,,0,0
TWIST1,InvasionMetastasis,drosophila_melanogaster,600,True,ortholog_many2many,FBgn0053557,FBpp0090974,26.6667,19.802
TWIST1,InvasionMetastasis,caenorhabditis_elegans,600,True,ortholog_many2many,WBGene00001953,C02B8.4.1,32.0225,28.2178
TWIST1,InvasionMetastasis,danio_rerio,450,False,none,,,0,0
TWIST1,InvasionMetastasis,xenopus_tropicalis,350,True,ortholog_one2one,ENSXETG00000045674,ENSXETP00000104614,66.0494,52.9703
TWIST1,InvasionMetastasis,gallus_gallus,300,True,ortholog_one2one,ENSGALG00010003808,ENSGALP00010005152,61.5385,87.1287
TWIST1,InvasionMetastasis,monodelphis_domestica,180,True,ortholog_one2one,ENSMODG00000023924,ENSMODP00000001708,78.836,73.7624
TWIST1,InvasionMetastasis,mus_musculus,90,True,ortholog_one2one,ENSMUSG00000035799,ENSMUSP00000040089,94.6602,96.5347
TWIST1,InvasionMetastasis,canis_lupus_familiaris,85,True,ortholog_one2one,ENSCAFG00845007076,ENSCAFP00845009804,96.1538,99.0099
TWIST1,InvasionMetastasis,homo_sapiens,0,True,self,TWIST1,,100.0,0
VIM,InvasionMetastasis,saccharomyces_cerevisiae,1000,False,none,,,0,0
VIM,InvasionMetastasis,drosophila_melanogaster,600,False,none,,,0,0
VIM,InvasionMetastasis,caenorhabditis_elegans,600,False,none,,,0,0
VIM,InvasionMetastasis,danio_rerio,450,True,ortholog_one2many,ENSDARG00000010008,ENSDARP00000016261,69.4505,67.8112
VIM,InvasionMetastasis,xenopus_tropicalis,350,True,ortholog_one2one,ENSXETG00000007462,ENSXETP00000016267,77.2234,76.3949
VIM,InvasionMetastasis,gallus_gallus,300,True,ortholog_one2one,ENSGALG00010004281,ENSGALP00010005851,54.5259,54.2918
VIM,InvasionMetastasis,monodelphis_domestica,180,True,ortholog_one2one,ENSMODG00000009818,ENSMODP00000012279,92.3567,93.3476
VIM,InvasionMetastasis,mus_musculus,90,True,ortholog_one2one,ENSMUSG00000026728,ENSMUSP00000028062,97.4249,97.4249
VIM,InvasionMetastasis,canis_lupus_familiaris,85,True,ortholog_one2one,ENSCAFG00845023475,ENSCAFP00845032490,69.0244,60.7296
VIM,InvasionMetastasis,homo_sapiens,0,True,self,VIM,,100.0,0
ZEB1,InvasionMetastasis,saccharomyces_cerevisiae,1000,False,none,,,0,0
ZEB1,InvasionMetastasis,drosophila_melanogaster,600,False,none,,,0,0
ZEB1,InvasionMetastasis,caenorhabditis_elegans,600,False,none,,,0,0
ZEB1,InvasionMetastasis,danio_rerio,450,True,ortholog_one2many,ENSDARG00000013207,ENSDARP00000047723,57.2356,54.8444
ZEB1,InvasionMetastasis,xenopus_tropicalis,350,True,ortholog_one2one,ENSXETG00000011655,ENSXETP00000025489,73.5321,72.3556
ZEB1,InvasionMetastasis,gallus_gallus,300,True,ortholog_one2one,ENSGALG00010004855,ENSGALP00010006370,84.4843,83.7333
ZEB1,InvasionMetastasis,monodelphis_domestica,180,True,ortholog_one2one,ENSMODG00000007847,ENSMODP00000033223,85.7527,85.0667
ZEB1,InvasionMetastasis,mus_musculus,90,True,ortholog_one2one,ENSMUSG00000024238,ENSMUSP00000025081,86.9293,86.3111
ZEB1,InvasionMetastasis,canis_lupus_familiaris,85,True,ortholog_one2one,ENSCAFG00845010369,ENSCAFP00845014278,94.3192,92.9778
ZEB1,InvasionMetastasis,homo_sapiens,0,True,self,ZEB1,,100.0,0
ZEB2,InvasionMetastasis,saccharomyces_cerevisiae,1000,False,none,,,0,0
ZEB2,InvasionMetastasis,drosophila_melanogaster,600,False,none,,,0,0
ZEB2,InvasionMetastasis,caenorhabditis_elegans,600,False,none,,,0,0
ZEB2,InvasionMetastasis,danio_rerio,450,True,ortholog_one2one,ENSDARG00000078416,ENSDARP00000084452,71.6161,71.911
ZEB2,InvasionMetastasis,xenopus_tropicalis,350,True,ortholog_one2one,ENSXETG00000000237,ENSXETP00000076391,82.9403,86.9028
ZEB2,InvasionMetastasis,gallus_gallus,300,True,ortholog_one2one,ENSGALG00010009461,ENSGALP00010013036,90.493,84.6787
ZEB2,InvasionMetastasis,monodelphis_domestica,180,True,ortholog_one2one,ENSMODG00000003112,ENSMODP00000056617,93.8925,94.9753
ZEB2,InvasionMetastasis,mus_musculus,90,True,ortholog_one2one,ENSMUSG00000026872,ENSMUSP00000134849,96.6255,96.7051
ZEB2,InvasionMetastasis,canis_lupus_familiaris,85,True,ortholog_one2one,ENSCAFG00845006084,ENSCAFP00845008511,94.7538,96.7051
ZEB2,InvasionMetastasis,homo_sapiens,0,True,self,ZEB2,,100.0,0
POT1,Telomere,saccharomyces_cerevisiae,1000,False,none,,,0,0
POT1,Telomere,drosophila_melanogaster,600,False,none,,,0,0
POT1,Telomere,caenorhabditis_elegans,600,False,none,,,0,0
POT1,Telomere,danio_rerio,450,True,ortholog_one2one,ENSDARG00000079915,ENSDARP00000102969,29.3661,35.8044
POT1,Telomere,xenopus_tropicalis,350,True,ortholog_one2one,ENSXETG00000021222,ENSXETP00000071291,50.3175,50
POT1,Telomere,gallus_gallus,300,True,ortholog_one2one,ENSGALG00010001194,ENSGALP00010001308,45.2267,59.7792
POT1,Telomere,monodelphis_domestica,180,True,ortholog_one2one,ENSMODG00000015312,ENSMODP00000047008,56.8365,66.877
POT1,Telomere,mus_musculus,90,True,ortholog_one2many,ENSMUSG00000029676,ENSMUSP00000110986,75,75.7098
POT1,Telomere,canis_lupus_familiaris,85,True,ortholog_one2one,ENSCAFG00845005675,ENSCAFP00845007856,72.1019,89.2744
POT1,Telomere,homo_sapiens,0,True,self,POT1,,100.0,0
RAP1,Telomere,saccharomyces_cerevisiae,1000,False,none,,,0,0
RAP1,Telomere,drosophila_melanogaster,600,False,none,,,0,0
RAP1,Telomere,caenorhabditis_elegans,600,False,none,,,0,0
RAP1,Telomere,danio_rerio,450,True,ortholog_one2one,ENSDARG00000103977,ENSDARP00000144881,19.5652,31.5789
RAP1,Telomere,xenopus_tropicalis,350,True,ortholog_one2one,ENSXETG00000012487,ENSXETP00000084628,23.0075,38.3459
RAP1,Telomere,gallus_gallus,300,True,ortholog_one2one,ENSGALG00010008811,ENSGALP00010012023,35.4523,36.3409
RAP1,Telomere,monodelphis_domestica,180,True,ortholog_one2one,ENSMODG00000002248,ENSMODP00000002740,64.6739,59.6491
RAP1,Telomere,mus_musculus,90,True,ortholog_one2one,ENSMUSG00000033430,ENSMUSP00000052170,86.2595,84.9624
RAP1,Telomere,canis_lupus_familiaris,85,True,ortholog_one2one,ENSCAFG00845023262,ENSCAFP00845032164,91.3366,92.4812
RAP1,Telomere,homo_sapiens,0,True,self,RAP1,,100.0,0
TERC,Telomere,saccharomyces_cerevisiae,1000,False,none,,,0,0
TERC,Telomere,drosophila_melanogaster,600,False,none,,,0,0
TERC,Telomere,caenorhabditis_elegans,600,False,none,,,0,0
TERC,Telomere,danio_rerio,450,False,none,,,0,0
TERC,Telomere,xenopus_tropicalis,350,False,none,,,0,0
TERC,Telomere,gallus_gallus,300,False,none,,,0,0
TERC,Telomere,monodelphis_domestica,180,False,none,,,0,0
TERC,Telomere,mus_musculus,90,False,none,,,0,0
TERC,Telomere,canis_lupus_familiaris,85,False,none,,,0,0
TERC,Telomere,homo_sapiens,0,True,self,TERC,,100.0,0
TERF1,Telomere,saccharomyces_cerevisiae,1000,False,none,,,0,0
TERF1,Telomere,drosophila_melanogaster,600,False,none,,,0,0
TERF1,Telomere,caenorhabditis_elegans,600,False,none,,,0,0
TERF1,Telomere,danio_rerio,450,True,ortholog_one2one,ENSDARG00000058710,ENSDARP00000118728,27.3973,22.779
TERF1,Telomere,xenopus_tropicalis,350,True,ortholog_one2one,ENSXETG00000033317,ENSXETP00000070538,34.8519,34.8519
TERF1,Telomere,gallus_gallus,300,True,ortholog_one2one,ENSGALG00010002814,ENSGALP00010004024,43.2203,34.8519
TERF1,Telomere,monodelphis_domestica,180,True,ortholog_one2one,ENSMODG00000025642,ENSMODP00000038458,50.7317,47.3804
TERF1,Telomere,mus_musculus,90,True,ortholog_one2one,ENSMUSG00000025925,ENSMUSP00000140744,66.7458,64.0091
TERF1,Telomere,canis_lupus_familiaris,85,True,ortholog_one2one,ENSCAFG00845027899,ENSCAFP00845038653,81.9025,80.41
TERF1,Telomere,homo_sapiens,0,True,self,TERF1,,100.0,0
TERF2,Telomere,saccharomyces_cerevisiae,1000,False,none,,,0,0
TERF2,Telomere,drosophila_melanogaster,600,False,none,,,0,0
TERF2,Telomere,caenorhabditis_elegans,600,False,none,,,0,0
TERF2,Telomere,danio_rerio,450,True,ortholog_one2one,ENSDARG00000039302,ENSDARP00000057422,22.1254,23.4317
TERF2,Telomere,xenopus_tropicalis,350,True,ortholog_one2one,ENSXETG00000031339,ENSXETP00000059331,36.7865,32.1033
TERF2,Telomere,gallus_gallus,300,True,ortholog_one2one,ENSGALG00010008246,ENSGALP00010011279,32.312,42.8044
TERF2,Telomere,monodelphis_domestica,180,True,ortholog_one2one,ENSMODG00000002766,ENSMODP00000028344,64.0741,63.8376
TERF2,Telomere,mus_musculus,90,True,ortholog_one2one,ENSMUSG00000031921,ENSMUSP00000068948,85.2126,85.0554
TERF2,Telomere,canis_lupus_familiaris,85,True,ortholog_one2one,ENSCAFG00845009607,ENSCAFP00845013183,92.4354,92.4354
TERF2,Telomere,homo_sapiens,0,True,self,TERF2,,100.0,0
TERT,Telomere,saccharomyces_cerevisiae,1000,True,ortholog_one2one,YLR318W,YLR318W,21.3801,16.6961
TERT,Telomere,drosophila_melanogaster,600,False,none,,,0,0
TERT,Telomere,caenorhabditis_elegans,600,True,ortholog_one2one,WBGene00006618,DY3.4a.3,18.3601,9.09894
TERT,Telomere,danio_rerio,450,True,ortholog_one2one,ENSDARG00000042637,ENSDARP00000124988,33.0601,32.0671
TERT,Telomere,xenopus_tropicalis,350,True,ortholog_one2one,ENSXETG00000015624,ENSXETP00000034113,40.7948,44.4346
TERT,Telomere,gallus_gallus,300,True,ortholog_one2one,ENSGALG00010008150,ENSGALP00010010988,39.9853,47.9682
TERT,Telomere,monodelphis_domestica,180,True,ortholog_one2one,ENSMODG00000000966,ENSMODP00000036990,46.8603,52.7385
TERT,Telomere,mus_musculus,90,True,ortholog_one2one,ENSMUSG00000021611,ENSMUSP00000022104,62.656,62.1025
TERT,Telomere,canis_lupus_familiaris,85,True,ortholog_one2one,ENSCAFG00845025817,ENSCAFP00845036111,70.0951,71.6431
TERT,Telomere,homo_sapiens,0,True,self,TERT,,100.0,0
TINF2,Telomere,saccharomyces_cerevisiae,1000,False,none,,,0,0
TINF2,Telomere,drosophila_melanogaster,600,False,none,,,0,0
TINF2,Telomere,caenorhabditis_elegans,600,False,none,,,0,0
TINF2,Telomere,danio_rerio,450,True,ortholog_one2many,ENSDARG00000054473,ENSDARP00000113476,14.359,18.6253
TINF2,Telomere,xenopus_tropicalis,350,True,ortholog_one2one,ENSXETG00000038771,ENSXETP00000081003,27.0718,21.7295
TINF2,Telomere,gallus_gallus,300,False,none,,,0,0
TINF2,Telomere,monodelphis_domestica,180,False,none,,,0,0
TINF2,Telomere,mus_musculus,90,True,ortholog_one2one,ENSMUSG00000007589,ENSMUSP00000154628,62.2912,57.8714
TINF2,Telomere,canis_lupus_familiaris,85,True,ortholog_one2one,ENSCAFG00845006448,ENSCAFP00845008999,76.3441,78.714
TINF2,Telomere,homo_sapiens,0,True,self,TINF2,,100.0,0
TPP1,Telomere,saccharomyces_cerevisiae,1000,False,none,,,0,0
TPP1,Telomere,drosophila_melanogaster,600,False,none,,,0,0
TPP1,Telomere,caenorhabditis_elegans,600,False,none,,,0,0
TPP1,Telomere,danio_rerio,450,True,ortholog_one2one,ENSDARG00000078055,ENSDARP00000142667,13.6461,13.9738
TPP1,Telomere,xenopus_tropicalis,350,True,ortholog_one2one,ENSXETG00000049274,ENSXETP00000107032,61.0619,61.2789
TPP1,Telomere,gallus_gallus,300,True,ortholog_one2one,ENSGALG00010003814,ENSGALP00010005168,62.6087,63.9432
TPP1,Telomere,monodelphis_domestica,180,True,ortholog_one2one,ENSMODG00000018566,ENSMODP00000023163,75.9227,76.7318
TPP1,Telomere,mus_musculus,90,True,ortholog_one2one,ENSMUSG00000030894,ENSMUSP00000033184,88.4342,88.2771
TPP1,Telomere,canis_lupus_familiaris,85,True,ortholog_one2one,ENSCAFG00845006934,ENSCAFP00845009837,77.1429,76.6376
TPP1,Telomere,homo_sapiens,0,True,self,TPP1,,100.0,0
